{
  "config": {
    "root": "/scratch.global/arunshar/hrrr128",
    "out": "/scratch.global/arunshar/physflow_hrrr_v2",
    "seeds": [
      0,
      1,
      2
    ],
    "steps": 8000,
    "batch": 16,
    "lr": 0.0002,
    "hidden": 384,
    "depth": 8,
    "heads": 8,
    "phys_weight": 1.0,
    "mass_w": 1.0,
    "div_w": 0.2,
    "device": "cuda",
    "degradation": "bicubic",
    "smoke": false
  },
  "stats": {
    "mean": [
      -0.6830152869224548,
      1.7475253343582153,
      0.07743734121322632
    ],
    "std": [
      2.240685224533081,
      3.874023199081421,
      1.123521089553833
    ],
    "channels": [
      "u",
      "v",
      "precip"
    ],
    "n_train": 294,
    "n_val": 74,
    "scale_factor": 8,
    "degradation": "bicubic"
  },
  "bicubic": {
    "method": "bicubic",
    "rmse": 0.28998273611068726,
    "psnr": 48.11988830566406,
    "grad_rmse": 0.23771658539772034,
    "hf_rmse": 8.337712287902832,
    "mass_resid": 0.002906861249357462,
    "div_resid": 0.002882307628169656
  },
  "nophysics": {
    "rmse": {
      "mean": 0.8434357841809591,
      "std": 0.021502551868745338
    },
    "psnr": {
      "mean": 38.849100748697914,
      "std": 0.22080928446901513
    },
    "grad_rmse": {
      "mean": 0.4747488796710968,
      "std": 0.023009996018941194
    },
    "hf_rmse": {
      "mean": 22.59929847717285,
      "std": 1.1795348844446936
    },
    "mass_resid": {
      "mean": 0.5681705077489217,
      "std": 0.02724158341333379
    },
    "div_resid": {
      "mean": 0.0916056086619695,
      "std": 0.008006587981958612
    }
  },
  "physics": {
    "rmse": {
      "mean": 0.8682660063107809,
      "std": 0.007435978340419544
    },
    "psnr": {
      "mean": 38.594591776529946,
      "std": 0.07460410313745786
    },
    "grad_rmse": {
      "mean": 0.494254211584727,
      "std": 0.004589921123938319
    },
    "hf_rmse": {
      "mean": 23.683404286702473,
      "std": 0.05137152381393082
    },
    "mass_resid": {
      "mean": 0.6063397526741028,
      "std": 0.026618244228993365
    },
    "div_resid": {
      "mean": 0.09715722004572551,
      "std": 0.0163671369347388
    }
  },
  "physics_conformal": {
    "mean": 0.9340385794639587,
    "std": 0.0014872843570150555
  },
  "runs": {
    "physics": [
      {
        "physics": true,
        "seed": 0,
        "final_train_loss": 0.3511623740196228,
        "train_secs": 449.2,
        "rmse": 0.8578047156333923,
        "psnr": 38.69955825805664,
        "grad_rmse": 0.4977404475212097,
        "hf_rmse": 23.692035675048828,
        "mass_resid": 0.5770314335823059,
        "div_resid": 0.08308103680610657,
        "conformal": {
          "nominal": 0.9,
          "empirical_coverage": 0.9348617196083069,
          "radius": 1.1973835229873657
        }
      },
      {
        "physics": true,
        "seed": 1,
        "final_train_loss": 0.25579774379730225,
        "train_secs": 447.5,
        "rmse": 0.8725683689117432,
        "psnr": 38.55133819580078,
        "grad_rmse": 0.4972530007362366,
        "hf_rmse": 23.61661720275879,
        "mass_resid": 0.6005350947380066,
        "div_resid": 0.08828240633010864,
        "conformal": {
          "nominal": 0.9,
          "empirical_coverage": 0.935303270816803,
          "radius": 1.193853497505188
        }
      },
      {
        "physics": true,
        "seed": 2,
        "final_train_loss": 0.27280089259147644,
        "train_secs": 447.5,
        "rmse": 0.874424934387207,
        "psnr": 38.53287887573242,
        "grad_rmse": 0.4877691864967346,
        "hf_rmse": 23.741559982299805,
        "mass_resid": 0.6414527297019958,
        "div_resid": 0.1201082170009613,
        "conformal": {
          "nominal": 0.9,
          "empirical_coverage": 0.9319507479667664,
          "radius": 1.3541823625564575
        }
      }
    ],
    "nophysics": [
      {
        "physics": false,
        "seed": 0,
        "final_train_loss": 0.26760971546173096,
        "train_secs": 447.4,
        "rmse": 0.8397712707519531,
        "psnr": 38.88410949707031,
        "grad_rmse": 0.4743216037750244,
        "hf_rmse": 22.480003356933594,
        "mass_resid": 0.5602167248725891,
        "div_resid": 0.09124767780303955
      },
      {
        "physics": false,
        "seed": 1,
        "final_train_loss": 0.19210371375083923,
        "train_secs": 445.4,
        "rmse": 0.8191248178482056,
        "psnr": 39.10032653808594,
        "grad_rmse": 0.44678357243537903,
        "hf_rmse": 21.218015670776367,
        "mass_resid": 0.5395022034645081,
        "div_resid": 0.08198344707489014
      },
      {
        "physics": false,
        "seed": 2,
        "final_train_loss": 0.2207130640745163,
        "train_secs": 445.1,
        "rmse": 0.8714112639427185,
        "psnr": 38.5628662109375,
        "grad_rmse": 0.503141462802887,
        "hf_rmse": 24.099876403808594,
        "mass_resid": 0.604792594909668,
        "div_resid": 0.10158570110797882
      }
    ]
  }
}